owner_name,business_name,business_website,yelp_website,phone_number,review_rating,number_of_reviews,business_categories,reviews,address,work_hours
Jeff P.,Jeff Plous Denver,hatchdenver.com,https://www.yelp.com/biz/jeff-plous-denver?osq=Real+Estate,(303) 317-5758,,10,[],"[{'user_name': None, 'user_location': None, 'review_date': None, 'rating': '5 star rating', 'review_text': None}, {'user_name': None, 'user_location': None, 'review_date': None, 'rating': '5 star rating', 'review_text': None}, {'user_name': None, 'user_location': None, 'review_date': None, 'rating': '5 star rating', 'review_text': None}, {'user_name': None, 'user_location': None, 'review_date': None, 'rating': '5 star rating', 'review_text': None}, {'user_name': None, 'user_location': None, 'review_date': None, 'rating': '5 star rating', 'review_text': None}, {'user_name': None, 'user_location': None, 'review_date': None, 'rating': '5 star rating', 'review_text': None}, {'user_name': None, 'user_location': None, 'review_date': None, 'rating': '5 star rating', 'review_text': None}, {'user_name': None, 'user_location': None, 'review_date': None, 'rating': '5 star rating', 'review_text': None}, {'user_name': None, 'user_location': None, 'review_date': None, 'rating': '5 star rating', 'review_text': None}, {'user_name': None, 'user_location': None, 'review_date': None, 'rating': '5 star rating', 'review_text': None}]","679 Grant St Denver, CO 80203","['Mon: Open 24 hours', 'Tue: Open 24 hours', 'Wed: Open 24 hours', 'Thu: Open 24 hours', 'Fri: Open 24 hours', 'Sat: Open 24 hours', 'Sun: 12:00 AM - 12:00 AM (Next day)']"
Ben P.,Integrity Realty And Management Greenwood Village,integrityrm.net,https://www.yelp.com/biz/integrity-realty-and-management-greenwood-village?osq=Real+Estate,(303) 847-0130,,12,[],"[{'user_name': None, 'user_location': None, 'review_date': None, 'rating': None, 'review_text': None}, {'user_name': None, 'user_location': None, 'review_date': None, 'rating': None, 'review_text': None}, {'user_name': None, 'user_location': None, 'review_date': None, 'rating': '5 star rating', 'review_text': None}, {'user_name': None, 'user_location': None, 'review_date': None, 'rating': '5 star rating', 'review_text': None}, {'user_name': None, 'user_location': None, 'review_date': None, 'rating': '5 star rating', 'review_text': None}, {'user_name': None, 'user_location': None, 'review_date': None, 'rating': '5 star rating', 'review_text': None}, {'user_name': None, 'user_location': None, 'review_date': None, 'rating': '5 star rating', 'review_text': None}, {'user_name': None, 'user_location': None, 'review_date': None, 'rating': '1 star rating', 'review_text': None}, {'user_name': None, 'user_location': None, 'review_date': None, 'rating': '5 star rating', 'review_text': None}, {'user_name': None, 'user_location': None, 'review_date': None, 'rating': '5 star rating', 'review_text': None}, {'user_name': None, 'user_location': None, 'review_date': None, 'rating': '5 star rating', 'review_text': None}, {'user_name': None, 'user_location': None, 'review_date': None, 'rating': '5 star rating', 'review_text': None}]","9250 E Costilla Ave Greenwood Village, CO 80112","['Mon: 9:00 AM - 5:00 PM', 'Tue: 9:00 AM - 5:00 PM', 'Wed: 9:00 AM - 5:00 PM', 'Thu: 9:00 AM - 5:00 PM', 'Fri: 9:00 AM - 5:00 PM', 'Sat: Closed', 'Sun: Closed']"
Lydia L.,Lydia Lin One Realty Denver 2,onerealtydenver.com,https://www.yelp.com/biz/lydia-lin-one-realty-denver-2?osq=Real+Estate,(720) 940-9590,,10,[],"[{'user_name': None, 'user_location': None, 'review_date': None, 'rating': '5 star rating', 'review_text': None}, {'user_name': None, 'user_location': None, 'review_date': None, 'rating': '5 star rating', 'review_text': None}, {'user_name': None, 'user_location': None, 'review_date': None, 'rating': '5 star rating', 'review_text': None}, {'user_name': None, 'user_location': None, 'review_date': None, 'rating': '5 star rating', 'review_text': None}, {'user_name': None, 'user_location': None, 'review_date': None, 'rating': '5 star rating', 'review_text': None}, {'user_name': None, 'user_location': None, 'review_date': None, 'rating': '5 star rating', 'review_text': None}, {'user_name': None, 'user_location': None, 'review_date': None, 'rating': '5 star rating', 'review_text': None}, {'user_name': None, 'user_location': None, 'review_date': None, 'rating': '5 star rating', 'review_text': None}, {'user_name': None, 'user_location': None, 'review_date': None, 'rating': '5 star rating', 'review_text': None}, {'user_name': None, 'user_location': None, 'review_date': None, 'rating': '5 star rating', 'review_text': None}]","2546 15th St Ste 200 Denver, CO 80211","['Mon: 8:00 AM - 9:00 PM', 'Tue: 8:00 AM - 9:00 PM', 'Wed: 8:00 AM - 9:00 PM', 'Thu: 8:00 AM - 9:00 PM', 'Fri: 8:00 AM - 9:00 PM', 'Sat: 9:00 AM - 8:00 PM', 'Sun: 9:00 AM - 8:00 PM']"
Jeff S.,Jeff Settle Rental Friends Denver,rentalfriends.net,https://www.yelp.com/biz/jeff-settle-rental-friends-denver?osq=Real+Estate,(720) 918-2328,,10,[],"[{'user_name': None, 'user_location': None, 'review_date': None, 'rating': '5 star rating', 'review_text': None}, {'user_name': None, 'user_location': None, 'review_date': None, 'rating': '5 star rating', 'review_text': None}, {'user_name': None, 'user_location': None, 'review_date': None, 'rating': '5 star rating', 'review_text': None}, {'user_name': None, 'user_location': None, 'review_date': None, 'rating': '5 star rating', 'review_text': None}, {'user_name': None, 'user_location': None, 'review_date': None, 'rating': '5 star rating', 'review_text': None}, {'user_name': None, 'user_location': None, 'review_date': None, 'rating': '5 star rating', 'review_text': None}, {'user_name': None, 'user_location': None, 'review_date': None, 'rating': '5 star rating', 'review_text': None}, {'user_name': None, 'user_location': None, 'review_date': None, 'rating': '5 star rating', 'review_text': None}, {'user_name': None, 'user_location': None, 'review_date': None, 'rating': '5 star rating', 'review_text': None}, {'user_name': None, 'user_location': None, 'review_date': None, 'rating': '5 star rating', 'review_text': None}]","1547 Gaylord St Ste B1 & B2 Ste B1 & B2 Denver, CO 80206",[]
Jaime L.,Mustard Seeds Interiors Aurora,mustardseedsinteriors.com,https://www.yelp.com/biz/mustard-seeds-interiors-aurora?osq=Real+Estate,(303) 962-7459,,4,[],"[{'user_name': None, 'user_location': None, 'review_date': None, 'rating': '5 star rating', 'review_text': None}, {'user_name': None, 'user_location': None, 'review_date': None, 'rating': '5 star rating', 'review_text': None}, {'user_name': None, 'user_location': None, 'review_date': None, 'rating': '5 star rating', 'review_text': None}, {'user_name': None, 'user_location': None, 'review_date': None, 'rating': '5 star rating', 'review_text': None}]",,"['Mon: 8:00 AM - 7:00 PM', 'Tue: 8:00 AM - 7:00 PM', 'Wed: 9:00 AM - 7:00 PM', 'Thu: 8:00 AM - 7:00 PM', 'Fri: 8:00 AM - 7:00 PM', 'Sat: Closed', 'Sun: Closed']"
,Park Realty And Property Management Denver,l.linklyhq.com/l/1vagy,https://www.yelp.com/biz/park-realty-and-property-management-denver?osq=Real+Estate,(303) 282-7271,,7,[],"[{'user_name': None, 'user_location': None, 'review_date': None, 'rating': '1 star rating', 'review_text': None}, {'user_name': None, 'user_location': None, 'review_date': None, 'rating': '5 star rating', 'review_text': None}, {'user_name': None, 'user_location': None, 'review_date': None, 'rating': '3 star rating', 'review_text': None}, {'user_name': None, 'user_location': None, 'review_date': None, 'rating': '5 star rating', 'review_text': None}, {'user_name': None, 'user_location': None, 'review_date': None, 'rating': '5 star rating', 'review_text': None}, {'user_name': None, 'user_location': None, 'review_date': None, 'rating': '5 star rating', 'review_text': None}, {'user_name': None, 'user_location': None, 'review_date': None, 'rating': '5 star rating', 'review_text': None}]","Denver, CO 80205","['Mon: 9:00 AM - 7:00 PM', 'Tue: 9:00 AM - 7:00 PM', 'Wed: 9:00 AM - 7:00 PM', 'Thu: 9:00 AM - 7:00 PM', 'Fri: 9:00 AM - 7:00 PM', 'Sat: 9:00 AM - 7:00 PM', 'Sun: 9:00 AM - 7:00 PM']"
Sana K.,Sana Wood Kentwood Real Estate Denver,sanawood.com,https://www.yelp.com/biz/sana-wood-kentwood-real-estate-denver?osq=Real+Estate,(303) 881-3514,,8,[],"[{'user_name': None, 'user_location': None, 'review_date': None, 'rating': '5 star rating', 'review_text': None}, {'user_name': None, 'user_location': None, 'review_date': None, 'rating': '5 star rating', 'review_text': None}, {'user_name': None, 'user_location': None, 'review_date': None, 'rating': '5 star rating', 'review_text': None}, {'user_name': None, 'user_location': None, 'review_date': None, 'rating': '5 star rating', 'review_text': None}, {'user_name': None, 'user_location': None, 'review_date': None, 'rating': '5 star rating', 'review_text': None}, {'user_name': None, 'user_location': None, 'review_date': None, 'rating': '5 star rating', 'review_text': None}, {'user_name': None, 'user_location': None, 'review_date': None, 'rating': '5 star rating', 'review_text': None}, {'user_name': None, 'user_location': None, 'review_date': None, 'rating': '5 star rating', 'review_text': None}]","215 St Paul St Denver, CO 80206","['Mon: 8:00 AM - 9:30 PM', 'Tue: 8:00 AM - 9:30 PM', 'Wed: 8:00 AM - 9:30 PM', 'Thu: 8:00 AM - 9:30 PM', 'Fri: 8:00 AM - 9:30 PM', 'Sat: 8:00 AM - 9:30 PM', 'Sun: 8:00 AM - 9:30 PM']"
Community Team,Creekside Denver 3,creeksideapartmenthomes.com,https://www.yelp.com/biz/creekside-denver-3?osq=Real+Estate,(720) 605-6743,,12,[],"[{'user_name': None, 'user_location': None, 'review_date': None, 'rating': None, 'review_text': None}, {'user_name': None, 'user_location': None, 'review_date': None, 'rating': None, 'review_text': None}, {'user_name': None, 'user_location': None, 'review_date': None, 'rating': '4 star rating', 'review_text': None}, {'user_name': None, 'user_location': None, 'review_date': None, 'rating': '1 star rating', 'review_text': None}, {'user_name': None, 'user_location': None, 'review_date': None, 'rating': '3 star rating', 'review_text': None}, {'user_name': None, 'user_location': None, 'review_date': None, 'rating': '1 star rating', 'review_text': None}, {'user_name': None, 'user_location': None, 'review_date': None, 'rating': '1 star rating', 'review_text': None}, {'user_name': None, 'user_location': None, 'review_date': None, 'rating': '1 star rating', 'review_text': None}, {'user_name': None, 'user_location': None, 'review_date': None, 'rating': '5 star rating', 'review_text': None}, {'user_name': None, 'user_location': None, 'review_date': None, 'rating': '1 star rating', 'review_text': None}, {'user_name': None, 'user_location': None, 'review_date': None, 'rating': '1 star rating', 'review_text': None}, {'user_name': None, 'user_location': None, 'review_date': None, 'rating': '1 star rating', 'review_text': None}]","5250 E Cherry Creek S Dr Denver, CO 80246","['Mon: Closed', 'Tue: 10:00 AM - 5:00 PM', 'Wed: 10:00 AM - 5:00 PM', 'Thu: 10:00 AM - 5:00 PM', 'Fri: 10:00 AM - 5:00 PM', 'Sat: 10:00 AM - 5:00 PM', 'Sun: Closed']"
Marina G.,Evolve Real Estate And Property Management Denver 3,evolvedenver.com,https://www.yelp.com/biz/evolve-real-estate-and-property-management-denver-3?osq=Real+Estate,(720) 800-6390,,10,[],"[{'user_name': None, 'user_location': None, 'review_date': None, 'rating': '5 star rating', 'review_text': None}, {'user_name': None, 'user_location': None, 'review_date': None, 'rating': '3 star rating', 'review_text': None}, {'user_name': None, 'user_location': None, 'review_date': None, 'rating': '5 star rating', 'review_text': None}, {'user_name': None, 'user_location': None, 'review_date': None, 'rating': '1 star rating', 'review_text': None}, {'user_name': None, 'user_location': None, 'review_date': None, 'rating': '5 star rating', 'review_text': None}, {'user_name': None, 'user_location': None, 'review_date': None, 'rating': '5 star rating', 'review_text': None}, {'user_name': None, 'user_location': None, 'review_date': None, 'rating': '5 star rating', 'review_text': None}, {'user_name': None, 'user_location': None, 'review_date': None, 'rating': '5 star rating', 'review_text': None}, {'user_name': None, 'user_location': None, 'review_date': None, 'rating': '1 star rating', 'review_text': None}, {'user_name': None, 'user_location': None, 'review_date': None, 'rating': '5 star rating', 'review_text': None}]","100 Fillmore St Ste 500 Denver, CO 80206","['Mon: 9:00 AM - 5:00 PM', 'Tue: 9:00 AM - 5:00 PM', 'Wed: 9:00 AM - 5:00 PM', 'Thu: 9:00 AM - 5:00 PM', 'Fri: 9:00 AM - 5:00 PM', 'Sat: Closed', 'Sun: Closed']"
David S.,The Schlichter Team Denver,schlichterteam.com,https://www.yelp.com/biz/the-schlichter-team-denver?osq=Real+Estate,(720) 502-0505,,11,[],"[{'user_name': None, 'user_location': None, 'review_date': None, 'rating': None, 'review_text': None}, {'user_name': None, 'user_location': None, 'review_date': None, 'rating': '5 star rating', 'review_text': None}, {'user_name': None, 'user_location': None, 'review_date': None, 'rating': '5 star rating', 'review_text': None}, {'user_name': None, 'user_location': None, 'review_date': None, 'rating': '5 star rating', 'review_text': None}, {'user_name': None, 'user_location': None, 'review_date': None, 'rating': '5 star rating', 'review_text': None}, {'user_name': None, 'user_location': None, 'review_date': None, 'rating': '5 star rating', 'review_text': None}, {'user_name': None, 'user_location': None, 'review_date': None, 'rating': '5 star rating', 'review_text': None}, {'user_name': None, 'user_location': None, 'review_date': None, 'rating': '5 star rating', 'review_text': None}, {'user_name': None, 'user_location': None, 'review_date': None, 'rating': '5 star rating', 'review_text': None}, {'user_name': None, 'user_location': None, 'review_date': None, 'rating': '5 star rating', 'review_text': None}, {'user_name': None, 'user_location': None, 'review_date': None, 'rating': '5 star rating', 'review_text': None}]","200 Columbine St Ste 500 Denver, CO 80206","['Mon: 9:00 AM - 7:00 PM', 'Tue: 9:00 AM - 7:00 PM', 'Wed: 9:00 AM - 7:00 PM', 'Thu: 9:00 AM - 7:00 PM', 'Fri: 9:00 AM - 7:00 PM', 'Sat: 9:00 AM - 7:00 PM', 'Sun: 9:00 AM - 7:00 PM']"
